"","kappa","spec_sens","no_omission","prevalence","equal_sens_spec","sensitivity","species_name","algorithm","run","partition","presencenb","absencenb","correlation","pvaluecor","AUC","AUC_pval","AUCratio","pROC","pROC_pval","TSSmax","KAPPAmax","dismo_threshold","prevalence.value","PPP","NPP","TPR","TNR","FPR","FNR","CCR","Kappa","F_score","Jaccard"
"thresholds",0.54340861,0.21920206,3.29999999999992e-07,0.10099574,0.01151875,0.00290992,"Abarema_langsdorffii","maxnet",1,1,32,300,0.812986103284405,1.68221304852872e-79,0.949583333333333,NA,1.89916666666667,1.68425923476479,0,0.841666666666667,0.8014785823005,"spec_sens",0.0963855421686747,0.736842105263158,0.986394557823129,0.875,0.966666666666667,0.0333333333333333,0.125,0.957831325301205,0.776624375240292,0.8,0.666666666666667
